category,id,dataset_split,model,training,attack,status,priority,gpu_hours_estimate,why
A_training,TR-NSLSR-small-random_swir_aug,NSLSR-safesplit,small,random_swir_aug,,MISSING (no run dir),P1,2.5,matched random control for the small model; lets you show the D3/D5 win is not a model-size artifact
A_training,TR-NSLSR-small-snua_at,NSLSR-safesplit,small,snua_at,,MISSING (no run dir),P1,2.5,does the SWIR-AT gain hold when moving from nano to small? Currently only nano is tested
A_training,TR-NSLSR-small-mixed_swir_at,NSLSR-safesplit,small,mixed_swir_at,,MISSING (no run dir),P1,3.0,D5 is the papers best defense -- needs a size ablation. Currently only nano
A_training,TR-NSLSR-nano-aria_at,NSLSR-safesplit,nano,aria_at,,MISSING (no run dir),P3,1.5,D4 branch is coded (build_scheduler) but never launched; only needed if ARIA becomes a real threat at strong severity
A_training,TR-NSLSR-nano-combined_at,NSLSR-safesplit,nano,combined_at,,MISSING (no run dir),P2,1.5,no D6 in the codebase yet -- adversarial training with the combined attack alone. Distinct from D5s mixed schedule; a fair baseline for whether the mixed schedule is better than pure combined-AT
A_training,TR-RASMD-nano-random_swir_aug,RASMD,nano,random_swir_aug,,MISSING (no run dir),P1,1.5,"RASMD has ZERO SWIR-domain defenses. Without D2 baseline, no RASMD SWIR robustness claim can be made"
A_training,TR-RASMD-nano-snua_at,RASMD,nano,snua_at,,MISSING (no run dir),P1,1.5,does SNUA-AT transfer to the 6-class RASMD? Only NSLSR-safesplit has it
A_training,TR-RASMD-nano-mixed_swir_at,RASMD,nano,mixed_swir_at,,MISSING (no run dir),P1,1.5,"external validity of D5 -- second dataset, six classes vs one, different sensor -- confirms/rebuts the finding"
A_training,TR-RASMD-small-random_swir_aug,RASMD,small,random_swir_aug,,MISSING (no run dir),P2,3.0,small-model + RASMD SWIR baseline
A_training,TR-RASMD-small-snua_at,RASMD,small,snua_at,,MISSING (no run dir),P2,3.0,cross-dataset AND cross-model SWIR-AT check
A_training,TR-RASMD-small-mixed_swir_at,RASMD,small,mixed_swir_at,,MISSING (no run dir),P2,3.0,the strongest cross-dataset generalisation test for D5
B_eval,EV-RASMD-nano-standard-aria_medium,RASMD,nano,standard,aria_medium,"MISSING (checkpoint yolo26n_rasmd exists, never attacked with SWIR)",P1,0.04,RASMD has never been probed with any SWIR-domain attack -- the whole SWIR-attack paper claim is single-dataset without this
B_eval,EV-RASMD-nano-standard-combined_medium,RASMD,nano,standard,combined_medium,"MISSING (checkpoint yolo26n_rasmd exists, never attacked with SWIR)",P1,0.04,RASMD has never been probed with any SWIR-domain attack -- the whole SWIR-attack paper claim is single-dataset without this
B_eval,EV-RASMD-nano-standard-snua_go_medium,RASMD,nano,standard,snua_go_medium,"MISSING (checkpoint yolo26n_rasmd exists, never attacked with SWIR)",P1,0.04,RASMD has never been probed with any SWIR-domain attack -- the whole SWIR-attack paper claim is single-dataset without this
B_eval,EV-RASMD-nano-standard-snua_go_weak,RASMD,nano,standard,snua_go_weak,"MISSING (checkpoint yolo26n_rasmd exists, never attacked with SWIR)",P1,0.04,RASMD has never been probed with any SWIR-domain attack -- the whole SWIR-attack paper claim is single-dataset without this
B_eval,EV-RASMD-nano-adversarial-aria_medium,RASMD,nano,adversarial,aria_medium,"MISSING (checkpoint yolo26n_rasmd_pgd exists, never attacked with SWIR)",P1,0.04,RASMD has never been probed with any SWIR-domain attack -- the whole SWIR-attack paper claim is single-dataset without this
B_eval,EV-RASMD-nano-adversarial-combined_medium,RASMD,nano,adversarial,combined_medium,"MISSING (checkpoint yolo26n_rasmd_pgd exists, never attacked with SWIR)",P1,0.04,RASMD has never been probed with any SWIR-domain attack -- the whole SWIR-attack paper claim is single-dataset without this
B_eval,EV-RASMD-nano-adversarial-snua_go_medium,RASMD,nano,adversarial,snua_go_medium,"MISSING (checkpoint yolo26n_rasmd_pgd exists, never attacked with SWIR)",P1,0.04,RASMD has never been probed with any SWIR-domain attack -- the whole SWIR-attack paper claim is single-dataset without this
B_eval,EV-RASMD-nano-adversarial-snua_go_weak,RASMD,nano,adversarial,snua_go_weak,"MISSING (checkpoint yolo26n_rasmd_pgd exists, never attacked with SWIR)",P1,0.04,RASMD has never been probed with any SWIR-domain attack -- the whole SWIR-attack paper claim is single-dataset without this
B_eval,EV-RASMD-small-standard-aria_medium,RASMD,small,standard,aria_medium,"MISSING (checkpoint yolo26s_rasmd exists, never attacked with SWIR)",P1,0.04,RASMD has never been probed with any SWIR-domain attack -- the whole SWIR-attack paper claim is single-dataset without this
B_eval,EV-RASMD-small-standard-combined_medium,RASMD,small,standard,combined_medium,"MISSING (checkpoint yolo26s_rasmd exists, never attacked with SWIR)",P1,0.04,RASMD has never been probed with any SWIR-domain attack -- the whole SWIR-attack paper claim is single-dataset without this
B_eval,EV-RASMD-small-standard-snua_go_medium,RASMD,small,standard,snua_go_medium,"MISSING (checkpoint yolo26s_rasmd exists, never attacked with SWIR)",P1,0.04,RASMD has never been probed with any SWIR-domain attack -- the whole SWIR-attack paper claim is single-dataset without this
B_eval,EV-RASMD-small-standard-snua_go_weak,RASMD,small,standard,snua_go_weak,"MISSING (checkpoint yolo26s_rasmd exists, never attacked with SWIR)",P1,0.04,RASMD has never been probed with any SWIR-domain attack -- the whole SWIR-attack paper claim is single-dataset without this
B_eval,EV-RASMD-small-adversarial-aria_medium,RASMD,small,adversarial,aria_medium,"MISSING (checkpoint yolo26s_rasmd_pgd exists, never attacked with SWIR)",P1,0.04,RASMD has never been probed with any SWIR-domain attack -- the whole SWIR-attack paper claim is single-dataset without this
B_eval,EV-RASMD-small-adversarial-combined_medium,RASMD,small,adversarial,combined_medium,"MISSING (checkpoint yolo26s_rasmd_pgd exists, never attacked with SWIR)",P1,0.04,RASMD has never been probed with any SWIR-domain attack -- the whole SWIR-attack paper claim is single-dataset without this
B_eval,EV-RASMD-small-adversarial-snua_go_medium,RASMD,small,adversarial,snua_go_medium,"MISSING (checkpoint yolo26s_rasmd_pgd exists, never attacked with SWIR)",P1,0.04,RASMD has never been probed with any SWIR-domain attack -- the whole SWIR-attack paper claim is single-dataset without this
B_eval,EV-RASMD-small-adversarial-snua_go_weak,RASMD,small,adversarial,snua_go_weak,"MISSING (checkpoint yolo26s_rasmd_pgd exists, never attacked with SWIR)",P1,0.04,RASMD has never been probed with any SWIR-domain attack -- the whole SWIR-attack paper claim is single-dataset without this
B_eval,EV-NSLSRsafe-small-standard-aria_medium,NSLSR-safesplit,small,standard,aria_medium,MISSING (checkpoint exists),P2,0.05,small-model SWIR-attack numbers exist for NO training recipe; nano-only argument is weaker
B_eval,EV-NSLSRsafe-small-standard-combined_medium,NSLSR-safesplit,small,standard,combined_medium,MISSING (checkpoint exists),P2,0.05,small-model SWIR-attack numbers exist for NO training recipe; nano-only argument is weaker
B_eval,EV-NSLSRsafe-small-standard-snua_go_medium,NSLSR-safesplit,small,standard,snua_go_medium,MISSING (checkpoint exists),P2,0.05,small-model SWIR-attack numbers exist for NO training recipe; nano-only argument is weaker
B_eval,EV-NSLSRsafe-small-standard-snua_go_weak,NSLSR-safesplit,small,standard,snua_go_weak,MISSING (checkpoint exists),P2,0.05,small-model SWIR-attack numbers exist for NO training recipe; nano-only argument is weaker
B_eval,EV-NSLSRsafe-small-adversarial-aria_medium,NSLSR-safesplit,small,adversarial,aria_medium,MISSING (checkpoint exists),P2,0.05,small-model SWIR-attack numbers exist for NO training recipe; nano-only argument is weaker
B_eval,EV-NSLSRsafe-small-adversarial-combined_medium,NSLSR-safesplit,small,adversarial,combined_medium,MISSING (checkpoint exists),P2,0.05,small-model SWIR-attack numbers exist for NO training recipe; nano-only argument is weaker
B_eval,EV-NSLSRsafe-small-adversarial-snua_go_medium,NSLSR-safesplit,small,adversarial,snua_go_medium,MISSING (checkpoint exists),P2,0.05,small-model SWIR-attack numbers exist for NO training recipe; nano-only argument is weaker
B_eval,EV-NSLSRsafe-small-adversarial-snua_go_weak,NSLSR-safesplit,small,adversarial,snua_go_weak,MISSING (checkpoint exists),P2,0.05,small-model SWIR-attack numbers exist for NO training recipe; nano-only argument is weaker
B_eval,EV-NSLSRsafe-nano-D1_pgd_at-random_fpn_medium,NSLSR-safesplit,nano,pgd_at,random_fpn_medium,MISSING (only D0 has matched random controls),P2,0.04,control condition for each defense -- is the defense doing better than seeing the random-perturbation version? Currently answerable only for standard training
B_eval,EV-NSLSRsafe-nano-D1_pgd_at-random_radiometric_medium,NSLSR-safesplit,nano,pgd_at,random_radiometric_medium,MISSING (only D0 has matched random controls),P2,0.04,control condition for each defense -- is the defense doing better than seeing the random-perturbation version? Currently answerable only for standard training
B_eval,EV-NSLSRsafe-nano-D2_random_swir_aug-random_fpn_medium,NSLSR-safesplit,nano,random_swir_aug,random_fpn_medium,MISSING (only D0 has matched random controls),P2,0.04,control condition for each defense -- is the defense doing better than seeing the random-perturbation version? Currently answerable only for standard training
B_eval,EV-NSLSRsafe-nano-D2_random_swir_aug-random_radiometric_medium,NSLSR-safesplit,nano,random_swir_aug,random_radiometric_medium,MISSING (only D0 has matched random controls),P2,0.04,control condition for each defense -- is the defense doing better than seeing the random-perturbation version? Currently answerable only for standard training
B_eval,EV-NSLSRsafe-nano-D3_snua_at-random_fpn_medium,NSLSR-safesplit,nano,snua_at,random_fpn_medium,MISSING (only D0 has matched random controls),P2,0.04,control condition for each defense -- is the defense doing better than seeing the random-perturbation version? Currently answerable only for standard training
B_eval,EV-NSLSRsafe-nano-D3_snua_at-random_radiometric_medium,NSLSR-safesplit,nano,snua_at,random_radiometric_medium,MISSING (only D0 has matched random controls),P2,0.04,control condition for each defense -- is the defense doing better than seeing the random-perturbation version? Currently answerable only for standard training
B_eval,EV-NSLSRsafe-nano-D5_mixed_swir_at-random_fpn_medium,NSLSR-safesplit,nano,mixed_swir_at,random_fpn_medium,MISSING (only D0 has matched random controls),P2,0.04,control condition for each defense -- is the defense doing better than seeing the random-perturbation version? Currently answerable only for standard training
B_eval,EV-NSLSRsafe-nano-D5_mixed_swir_at-random_radiometric_medium,NSLSR-safesplit,nano,mixed_swir_at,random_radiometric_medium,MISSING (only D0 has matched random controls),P2,0.04,control condition for each defense -- is the defense doing better than seeing the random-perturbation version? Currently answerable only for standard training
B_eval,EV-NSLSRsafe-nano-standard-snua_go_strong,NSLSR-safesplit,nano,standard,snua_go_strong,MISSING (strong severity never measured),P3,0.04,shows the failure surface -- how quickly does robustness degrade as budget grows? Currently the medium point is the only data point per attack
B_eval,EV-NSLSRsafe-nano-standard-aria_strong,NSLSR-safesplit,nano,standard,aria_strong,MISSING (strong severity never measured),P3,0.04,shows the failure surface -- how quickly does robustness degrade as budget grows? Currently the medium point is the only data point per attack
B_eval,EV-NSLSRsafe-nano-standard-combined_strong,NSLSR-safesplit,nano,standard,combined_strong,MISSING (strong severity never measured),P3,0.04,shows the failure surface -- how quickly does robustness degrade as budget grows? Currently the medium point is the only data point per attack
B_eval,EV-NSLSRsafe-nano-pgd_at-snua_go_strong,NSLSR-safesplit,nano,pgd_at,snua_go_strong,MISSING (strong severity never measured),P3,0.04,shows the failure surface -- how quickly does robustness degrade as budget grows? Currently the medium point is the only data point per attack
B_eval,EV-NSLSRsafe-nano-pgd_at-aria_strong,NSLSR-safesplit,nano,pgd_at,aria_strong,MISSING (strong severity never measured),P3,0.04,shows the failure surface -- how quickly does robustness degrade as budget grows? Currently the medium point is the only data point per attack
B_eval,EV-NSLSRsafe-nano-pgd_at-combined_strong,NSLSR-safesplit,nano,pgd_at,combined_strong,MISSING (strong severity never measured),P3,0.04,shows the failure surface -- how quickly does robustness degrade as budget grows? Currently the medium point is the only data point per attack
B_eval,EV-NSLSRsafe-nano-random_swir_aug-snua_go_strong,NSLSR-safesplit,nano,random_swir_aug,snua_go_strong,MISSING (strong severity never measured),P3,0.04,shows the failure surface -- how quickly does robustness degrade as budget grows? Currently the medium point is the only data point per attack
B_eval,EV-NSLSRsafe-nano-random_swir_aug-aria_strong,NSLSR-safesplit,nano,random_swir_aug,aria_strong,MISSING (strong severity never measured),P3,0.04,shows the failure surface -- how quickly does robustness degrade as budget grows? Currently the medium point is the only data point per attack
B_eval,EV-NSLSRsafe-nano-random_swir_aug-combined_strong,NSLSR-safesplit,nano,random_swir_aug,combined_strong,MISSING (strong severity never measured),P3,0.04,shows the failure surface -- how quickly does robustness degrade as budget grows? Currently the medium point is the only data point per attack
B_eval,EV-NSLSRsafe-nano-snua_at-snua_go_strong,NSLSR-safesplit,nano,snua_at,snua_go_strong,MISSING (strong severity never measured),P3,0.04,shows the failure surface -- how quickly does robustness degrade as budget grows? Currently the medium point is the only data point per attack
B_eval,EV-NSLSRsafe-nano-snua_at-aria_strong,NSLSR-safesplit,nano,snua_at,aria_strong,MISSING (strong severity never measured),P3,0.04,shows the failure surface -- how quickly does robustness degrade as budget grows? Currently the medium point is the only data point per attack
B_eval,EV-NSLSRsafe-nano-snua_at-combined_strong,NSLSR-safesplit,nano,snua_at,combined_strong,MISSING (strong severity never measured),P3,0.04,shows the failure surface -- how quickly does robustness degrade as budget grows? Currently the medium point is the only data point per attack
B_eval,EV-NSLSRsafe-nano-mixed_swir_at-snua_go_strong,NSLSR-safesplit,nano,mixed_swir_at,snua_go_strong,MISSING (strong severity never measured),P3,0.04,shows the failure surface -- how quickly does robustness degrade as budget grows? Currently the medium point is the only data point per attack
B_eval,EV-NSLSRsafe-nano-mixed_swir_at-aria_strong,NSLSR-safesplit,nano,mixed_swir_at,aria_strong,MISSING (strong severity never measured),P3,0.04,shows the failure surface -- how quickly does robustness degrade as budget grows? Currently the medium point is the only data point per attack
B_eval,EV-NSLSRsafe-nano-mixed_swir_at-combined_strong,NSLSR-safesplit,nano,mixed_swir_at,combined_strong,MISSING (strong severity never measured),P3,0.04,shows the failure surface -- how quickly does robustness degrade as budget grows? Currently the medium point is the only data point per attack
C_diagnostic,DIAG-aria_strong_check,,,,,NOT RUN -- ARIA at strong severity (eps_field=0.20) vs random_radiometric strong,P1,0.05,script exists (robustness/experiments/aria_strong_check.py) but no log/results on disk. Needed BEFORE ARIA can be reported as either a real attack or a paper limitation
C_diagnostic,DIAG-SNUA_vs_random_on_defenses,,,,,"NOT RUN -- SNUA vs random-FPN comparison run against D1/D2/D3/D5, not just D0",P2,0.2,"currently the 'is it optimization or just augmentation?' argument holds for D0 only; if it fails on the AT defenses, the interpretation of D3 changes"
C_diagnostic,DIAG-test_set_bootstrap_CIs,,,,,NOT RUN -- Per-image bootstrap of mAP50 on the 144-image test split,P2,0.3,"seed-std is 0.001-0.014 mAP50, but that under-states real uncertainty because the split is only 144 images. Bootstrap CIs are what a reviewer will ask for on a small test set"
C_diagnostic,DIAG-val_test_composition_audit,,,,,NOT RUN -- Investigate why test mAP50 is systematically 0.24-0.35 HIGHER than val on identical checkpoints,P1,0.5,"found in the defense-matrix val->test delta -- suggests val split is systematically harder. If real, every val number in the aggregate table is pessimistic; if a split bug, may need re-splitting and re-running"
C_diagnostic,DIAG-class_balance_check_NSLSR,,,,,NOT RUN -- Small-object vs large-object ship recall breakdown on val vs test,P2,0.2,"if val is harder because it over-samples small ships, that CAUSES the val->test gap and explains the finding; if not, the gap is more concerning"
