dataset,split_variant,model,training,checkpoint,eval_split,attack,n_seeds,mAP50,mAP50_std,mAP50-95,mAP50-95_std,precision,recall,selection_bias,source
NSLSR,official (leaky),nano,standard,best,test,clean,1,0.9930,,0.7691,,0.9854,0.9741,,aggregate_results_table2.csv
NSLSR,official (leaky),nano,standard,best,test,pgd20,1,0.0000,,0.0000,,0.0003,0.0144,,aggregate_results_table2.csv
NSLSR,official (leaky),nano,standard,last,test,clean,1,0.9931,,0.7714,,0.9855,0.9711,,aggregate_results_table2.csv
NSLSR,official (leaky),nano,standard,last,test,pgd20,1,0.0000,,0.0000,,0.0004,0.0253,,aggregate_results_table2.csv
NSLSR,official (leaky),nano,adversarial,best,test,clean,1,0.9834,,0.7572,,0.9819,0.9675,,aggregate_results_table2.csv
NSLSR,official (leaky),nano,adversarial,best,test,pgd20,1,0.8043,,0.3946,,0.7967,0.7639,,aggregate_results_table2.csv
NSLSR,official (leaky),nano,adversarial,last,test,clean,1,0.9834,,0.7572,,0.9819,0.9675,,aggregate_results_table2.csv
NSLSR,official (leaky),nano,adversarial,last,test,pgd20,1,0.8015,,0.3862,,0.7711,0.7798,,aggregate_results_table2.csv
NSLSR,official (leaky),small,standard,best,test,clean,1,0.9844,,0.7690,,0.9854,0.9771,,aggregate_results_table2.csv
NSLSR,official (leaky),small,standard,best,test,pgd20,1,0.0000,,0.0000,,0.0001,0.0036,,aggregate_results_table2.csv
NSLSR,official (leaky),small,standard,last,test,clean,1,0.9846,,0.7703,,0.9890,0.9782,,aggregate_results_table2.csv
NSLSR,official (leaky),small,standard,last,test,pgd20,1,0.0000,,0.0000,,0.0002,0.0217,,aggregate_results_table2.csv
NSLSR,official (leaky),small,adversarial,best,test,clean,1,0.9942,,0.7627,,0.9820,0.9846,,aggregate_results_table2.csv
NSLSR,official (leaky),small,adversarial,best,test,pgd20,1,0.9308,,0.5499,,0.9291,0.8988,,aggregate_results_table2.csv
NSLSR,official (leaky),small,adversarial,last,test,clean,1,0.9944,,0.7655,,0.9854,0.9892,,aggregate_results_table2.csv
NSLSR,official (leaky),small,adversarial,last,test,pgd20,1,0.9338,,0.5492,,0.9411,0.8953,,aggregate_results_table2.csv
NSLSR,leakage-safe (segment),nano,standard,best,test,clean,1,0.9311,,0.6483,,0.8697,0.8384,,aggregate_results_table2.csv
NSLSR,leakage-safe (segment),nano,standard,best,test,pgd20,3,0.0000,0.0000,0.0000,0.0000,0.0002,0.0295,,defense_matrix_results_test.csv
NSLSR,leakage-safe (segment),nano,standard,best,test,snua_go_weak,3,0.5583,0.0061,0.2622,0.0047,0.6471,0.5356,,defense_matrix_results_test.csv
NSLSR,leakage-safe (segment),nano,standard,best,test,snua_go_medium,3,0.2366,0.0106,0.0861,0.0046,0.3806,0.3922,,defense_matrix_results_test.csv
NSLSR,leakage-safe (segment),nano,standard,best,test,aria_medium,3,0.9218,0.0018,0.6355,0.0007,0.8657,0.8240,,defense_matrix_results_test.csv
NSLSR,leakage-safe (segment),nano,standard,best,test,combined_medium,3,0.2406,0.0142,0.0863,0.0027,0.3690,0.3907,,defense_matrix_results_test.csv
NSLSR,leakage-safe (segment),nano,standard,best,test,snua_go_strong,3,0.0660,0.0040,0.0240,0.0029,0.2151,0.1333,,all_evals_results.csv
NSLSR,leakage-safe (segment),nano,standard,best,test,aria_strong,3,0.8932,0.0041,0.5964,0.0052,0.8556,0.7836,,all_evals_results.csv
NSLSR,leakage-safe (segment),nano,standard,best,test,combined_strong,3,0.0667,0.0151,0.0233,0.0036,0.2088,0.1380,,all_evals_results.csv
NSLSR,leakage-safe (segment),nano,standard,best,test,random_fpn_medium,3,0.8624,0.0018,0.5321,0.0031,0.8752,0.7604,,all_evals_results.csv
NSLSR,leakage-safe (segment),nano,standard,best,test,random_radiometric_medium,3,0.9299,0.0016,0.6459,0.0017,0.8674,0.8420,,all_evals_results.csv
NSLSR,leakage-safe (segment),nano,standard,best,val,clean,1,0.6968,,0.3795,,0.7569,0.6250,,aggregate_results_table2.csv
NSLSR,leakage-safe (segment),nano,standard,best,val,pgd20,3,0.0000,0.0000,0.0000,0.0000,0.0004,0.0234,checkpoint selected on this split,defense_matrix_results.csv
NSLSR,leakage-safe (segment),nano,standard,best,val,snua_go_weak,3,0.3419,0.0036,0.1447,0.0025,0.6577,0.3575,checkpoint selected on this split,defense_matrix_results.csv
NSLSR,leakage-safe (segment),nano,standard,best,val,snua_go_medium,3,0.2408,0.0122,0.0711,0.0032,0.5605,0.2754,checkpoint selected on this split,defense_matrix_results.csv
NSLSR,leakage-safe (segment),nano,standard,best,val,aria_medium,3,0.6900,0.0034,0.3680,0.0026,0.7480,0.6244,checkpoint selected on this split,defense_matrix_results.csv
NSLSR,leakage-safe (segment),nano,standard,best,val,combined_medium,3,0.2366,0.0023,0.0685,0.0017,0.5386,0.2764,checkpoint selected on this split,defense_matrix_results.csv
NSLSR,leakage-safe (segment),nano,standard,last,test,clean,1,0.9062,,0.6486,,0.9591,0.8047,,aggregate_results_table2.csv
NSLSR,leakage-safe (segment),nano,standard,last,test,pgd20,3,0.0000,0.0000,0.0000,0.0000,0.0001,0.0047,,all_evals_results.csv
NSLSR,leakage-safe (segment),nano,standard,last,test,snua_go_weak,3,0.4890,0.0048,0.2074,0.0042,0.5801,0.5842,,all_evals_results.csv
NSLSR,leakage-safe (segment),nano,standard,last,test,snua_go_medium,3,0.2300,0.0140,0.0759,0.0047,0.3739,0.3612,,all_evals_results.csv
NSLSR,leakage-safe (segment),nano,standard,last,test,aria_medium,3,0.9030,0.0015,0.6383,0.0027,0.9488,0.8149,,all_evals_results.csv
NSLSR,leakage-safe (segment),nano,standard,last,test,combined_medium,3,0.2332,0.0132,0.0749,0.0041,0.3739,0.3706,,all_evals_results.csv
NSLSR,leakage-safe (segment),nano,standard,last,test,snua_go_strong,3,0.0206,0.0087,0.0061,0.0012,0.1426,0.0837,,all_evals_results.csv
NSLSR,leakage-safe (segment),nano,standard,last,test,aria_strong,3,0.8869,0.0043,0.6130,0.0004,0.9283,0.7995,,all_evals_results.csv
NSLSR,leakage-safe (segment),nano,standard,last,test,combined_strong,3,0.0338,0.0114,0.0113,0.0034,0.1628,0.1023,,all_evals_results.csv
NSLSR,leakage-safe (segment),nano,standard,last,test,random_fpn_medium,3,0.7891,0.0059,0.5308,0.0044,0.8463,0.7229,,all_evals_results.csv
NSLSR,leakage-safe (segment),nano,standard,last,test,random_radiometric_medium,3,0.9067,0.0004,0.6501,0.0020,0.9694,0.8111,,all_evals_results.csv
NSLSR,leakage-safe (segment),nano,standard,last,val,clean,1,0.6574,,0.3646,,0.8252,0.5335,,aggregate_results_table2.csv
NSLSR,leakage-safe (segment),nano,adversarial,best,test,clean,1,0.9299,,0.6225,,0.8754,0.8465,,aggregate_results_table2.csv
NSLSR,leakage-safe (segment),nano,adversarial,best,test,pgd20,1,0.3726,,0.1285,,0.4881,0.4140,,aggregate_results_table2.csv
NSLSR,leakage-safe (segment),nano,adversarial,best,val,clean,1,0.6432,,0.3646,,0.7864,0.5213,,aggregate_results_table2.csv
NSLSR,leakage-safe (segment),nano,adversarial,last,test,clean,1,0.9195,,0.6616,,0.9463,0.8558,,aggregate_results_table2.csv
NSLSR,leakage-safe (segment),nano,adversarial,last,test,pgd20,1,0.4756,,0.2248,,0.6116,0.5023,,aggregate_results_table2.csv
NSLSR,leakage-safe (segment),nano,adversarial,last,val,clean,1,0.5750,,0.3344,,0.6939,0.5518,,aggregate_results_table2.csv
NSLSR,leakage-safe (segment),nano,pgd_at,best,test,clean,1,0.9299,,0.6225,,0.8754,0.8465,,all_evals_results.csv
NSLSR,leakage-safe (segment),nano,pgd_at,best,test,pgd20,3,0.3682,0.0044,0.1291,0.0016,0.4693,0.4445,,all_evals_results.csv
NSLSR,leakage-safe (segment),nano,pgd_at,best,test,snua_go_weak,3,0.8322,0.0024,0.4673,0.0009,0.9051,0.6800,,all_evals_results.csv
NSLSR,leakage-safe (segment),nano,pgd_at,best,test,snua_go_medium,3,0.7104,0.0080,0.3355,0.0050,0.8113,0.6124,,all_evals_results.csv
NSLSR,leakage-safe (segment),nano,pgd_at,best,test,aria_medium,3,0.9248,0.0003,0.6158,0.0033,0.8763,0.8432,,all_evals_results.csv
NSLSR,leakage-safe (segment),nano,pgd_at,best,test,combined_medium,3,0.7007,0.0057,0.3266,0.0035,0.8007,0.6078,,all_evals_results.csv
NSLSR,leakage-safe (segment),nano,pgd_at,best,test,snua_go_strong,3,0.1590,0.0054,0.0559,0.0037,0.4062,0.1938,,all_evals_results.csv
NSLSR,leakage-safe (segment),nano,pgd_at,best,test,aria_strong,3,0.9135,0.0019,0.5934,0.0040,0.8560,0.8216,,all_evals_results.csv
NSLSR,leakage-safe (segment),nano,pgd_at,best,test,combined_strong,3,0.1575,0.0094,0.0529,0.0021,0.4332,0.1907,,all_evals_results.csv
NSLSR,leakage-safe (segment),nano,pgd_at,best,test,random_fpn_medium,3,0.9274,0.0019,0.6310,0.0023,0.8975,0.8341,,all_evals_results.csv
NSLSR,leakage-safe (segment),nano,pgd_at,best,test,random_radiometric_medium,3,0.9293,0.0006,0.6220,0.0017,0.8778,0.8459,,all_evals_results.csv
NSLSR,leakage-safe (segment),nano,pgd_at,last,test,clean,1,0.9195,,0.6616,,0.9463,0.8558,,defense_matrix_results_test.csv
NSLSR,leakage-safe (segment),nano,pgd_at,last,test,pgd20,3,0.4770,0.0059,0.2185,0.0005,0.6485,0.4992,,defense_matrix_results_test.csv
NSLSR,leakage-safe (segment),nano,pgd_at,last,test,snua_go_weak,3,0.7709,0.0025,0.4866,0.0011,0.8827,0.6855,,defense_matrix_results_test.csv
NSLSR,leakage-safe (segment),nano,pgd_at,last,test,snua_go_medium,3,0.6631,0.0044,0.3699,0.0104,0.8376,0.6043,,defense_matrix_results_test.csv
NSLSR,leakage-safe (segment),nano,pgd_at,last,test,aria_medium,3,0.9163,0.0010,0.6555,0.0011,0.9453,0.8477,,defense_matrix_results_test.csv
NSLSR,leakage-safe (segment),nano,pgd_at,last,test,combined_medium,3,0.6623,0.0075,0.3652,0.0072,0.8520,0.5984,,defense_matrix_results_test.csv
NSLSR,leakage-safe (segment),nano,pgd_at,last,test,snua_go_strong,3,0.2516,0.0219,0.0781,0.0063,0.4833,0.2864,,all_evals_results.csv
NSLSR,leakage-safe (segment),nano,pgd_at,last,test,aria_strong,3,0.9066,0.0010,0.6429,0.0030,0.9440,0.8315,,all_evals_results.csv
NSLSR,leakage-safe (segment),nano,pgd_at,last,test,combined_strong,3,0.2190,0.0277,0.0684,0.0115,0.3959,0.2851,,all_evals_results.csv
NSLSR,leakage-safe (segment),nano,pgd_at,last,test,random_fpn_medium,3,0.9273,0.0014,0.6706,0.0018,0.9434,0.8481,,all_evals_results.csv
NSLSR,leakage-safe (segment),nano,pgd_at,last,test,random_radiometric_medium,3,0.9194,0.0008,0.6639,0.0017,0.9468,0.8548,,all_evals_results.csv
NSLSR,leakage-safe (segment),nano,pgd_at,last,val,clean,1,0.5728,,0.3354,,0.6949,0.5486,,defense_matrix_results.csv
NSLSR,leakage-safe (segment),nano,pgd_at,last,val,pgd20,3,0.2212,0.0021,0.0859,0.0010,0.5977,0.2785,,defense_matrix_results.csv
NSLSR,leakage-safe (segment),nano,pgd_at,last,val,snua_go_weak,3,0.4090,0.0026,0.2044,0.0019,0.6869,0.3903,,defense_matrix_results.csv
NSLSR,leakage-safe (segment),nano,pgd_at,last,val,snua_go_medium,3,0.2938,0.0028,0.1338,0.0015,0.5538,0.3387,,defense_matrix_results.csv
NSLSR,leakage-safe (segment),nano,pgd_at,last,val,aria_medium,3,0.5700,0.0032,0.3289,0.0020,0.7018,0.5301,,defense_matrix_results.csv
NSLSR,leakage-safe (segment),nano,pgd_at,last,val,combined_medium,3,0.2713,0.0049,0.1270,0.0033,0.5445,0.3207,,defense_matrix_results.csv
NSLSR,leakage-safe (segment),nano,random_swir_aug,robust_best,test,clean,1,0.9481,,0.6850,,0.9250,0.8600,,defense_matrix_results_test.csv
NSLSR,leakage-safe (segment),nano,random_swir_aug,robust_best,test,pgd20,3,0.0000,0.0000,0.0000,0.0000,0.0001,0.0031,,defense_matrix_results_test.csv
NSLSR,leakage-safe (segment),nano,random_swir_aug,robust_best,test,snua_go_weak,3,0.7328,0.0081,0.3940,0.0043,0.7890,0.6834,,defense_matrix_results_test.csv
NSLSR,leakage-safe (segment),nano,random_swir_aug,robust_best,test,snua_go_medium,3,0.4923,0.0233,0.2103,0.0087,0.5705,0.5860,,defense_matrix_results_test.csv
NSLSR,leakage-safe (segment),nano,random_swir_aug,robust_best,test,aria_medium,3,0.9443,0.0004,0.6762,0.0026,0.9008,0.8695,,defense_matrix_results_test.csv
NSLSR,leakage-safe (segment),nano,random_swir_aug,robust_best,test,combined_medium,3,0.5000,0.0116,0.2124,0.0119,0.5754,0.6093,,defense_matrix_results_test.csv
NSLSR,leakage-safe (segment),nano,random_swir_aug,robust_best,test,snua_go_strong,3,0.1584,0.0103,0.0424,0.0038,0.2940,0.3302,,all_evals_results.csv
NSLSR,leakage-safe (segment),nano,random_swir_aug,robust_best,test,aria_strong,3,0.9306,0.0018,0.6512,0.0046,0.8942,0.8439,,all_evals_results.csv
NSLSR,leakage-safe (segment),nano,random_swir_aug,robust_best,test,combined_strong,3,0.1419,0.0011,0.0378,0.0015,0.2936,0.3247,,all_evals_results.csv
NSLSR,leakage-safe (segment),nano,random_swir_aug,robust_best,test,random_fpn_medium,3,0.9622,0.0018,0.6850,0.0014,0.9164,0.9240,,all_evals_results.csv
NSLSR,leakage-safe (segment),nano,random_swir_aug,robust_best,test,random_radiometric_medium,3,0.9487,0.0007,0.6870,0.0009,0.9148,0.8732,,all_evals_results.csv
NSLSR,leakage-safe (segment),nano,random_swir_aug,robust_best,val,clean,1,0.6399,,0.3532,,0.7734,0.5701,checkpoint selected on this split,defense_matrix_results.csv
NSLSR,leakage-safe (segment),nano,random_swir_aug,robust_best,val,pgd20,3,0.0000,0.0000,0.0000,0.0000,0.0002,0.0193,checkpoint selected on this split,defense_matrix_results.csv
NSLSR,leakage-safe (segment),nano,random_swir_aug,robust_best,val,snua_go_weak,3,0.3562,0.0057,0.1673,0.0011,0.5835,0.3882,checkpoint selected on this split,defense_matrix_results.csv
NSLSR,leakage-safe (segment),nano,random_swir_aug,robust_best,val,snua_go_medium,3,0.2373,0.0056,0.0952,0.0017,0.4390,0.3648,checkpoint selected on this split,defense_matrix_results.csv
NSLSR,leakage-safe (segment),nano,random_swir_aug,robust_best,val,aria_medium,3,0.6338,0.0025,0.3466,0.0013,0.7836,0.5629,checkpoint selected on this split,defense_matrix_results.csv
NSLSR,leakage-safe (segment),nano,random_swir_aug,robust_best,val,combined_medium,3,0.2409,0.0065,0.0980,0.0010,0.4553,0.3678,checkpoint selected on this split,defense_matrix_results.csv
NSLSR,leakage-safe (segment),nano,snua_at,robust_best,test,clean,1,0.9424,,0.6236,,0.8441,0.9318,,defense_matrix_results_test.csv
NSLSR,leakage-safe (segment),nano,snua_at,robust_best,test,pgd20,3,0.0000,0.0000,0.0000,0.0000,0.0003,0.0047,,defense_matrix_results_test.csv
NSLSR,leakage-safe (segment),nano,snua_at,robust_best,test,snua_go_weak,3,0.9010,0.0001,0.5626,0.0004,0.8864,0.8140,,defense_matrix_results_test.csv
NSLSR,leakage-safe (segment),nano,snua_at,robust_best,test,snua_go_medium,3,0.8514,0.0009,0.4971,0.0004,0.8699,0.7728,,defense_matrix_results_test.csv
NSLSR,leakage-safe (segment),nano,snua_at,robust_best,test,aria_medium,3,0.9374,0.0009,0.6144,0.0019,0.8610,0.8915,,defense_matrix_results_test.csv
NSLSR,leakage-safe (segment),nano,snua_at,robust_best,test,combined_medium,3,0.8413,0.0036,0.4884,0.0034,0.8721,0.7690,,defense_matrix_results_test.csv
NSLSR,leakage-safe (segment),nano,snua_at,robust_best,test,snua_go_strong,3,0.7307,0.0005,0.3835,0.0029,0.7805,0.6992,,all_evals_results.csv
NSLSR,leakage-safe (segment),nano,snua_at,robust_best,test,aria_strong,3,0.9167,0.0014,0.5839,0.0032,0.8985,0.7997,,all_evals_results.csv
NSLSR,leakage-safe (segment),nano,snua_at,robust_best,test,combined_strong,3,0.6942,0.0070,0.3439,0.0037,0.7594,0.6806,,all_evals_results.csv
NSLSR,leakage-safe (segment),nano,snua_at,robust_best,test,random_fpn_medium,3,0.9419,0.0010,0.6247,0.0012,0.8457,0.9284,,all_evals_results.csv
NSLSR,leakage-safe (segment),nano,snua_at,robust_best,test,random_radiometric_medium,3,0.9424,0.0011,0.6238,0.0038,0.8478,0.9302,,all_evals_results.csv
NSLSR,leakage-safe (segment),nano,snua_at,robust_best,val,clean,1,0.6581,,0.3682,,0.7901,0.5701,checkpoint selected on this split,defense_matrix_results.csv
NSLSR,leakage-safe (segment),nano,snua_at,robust_best,val,pgd20,3,0.0000,0.0000,0.0000,0.0000,0.0006,0.0081,checkpoint selected on this split,defense_matrix_results.csv
NSLSR,leakage-safe (segment),nano,snua_at,robust_best,val,snua_go_weak,3,0.6060,0.0010,0.3310,0.0005,0.8198,0.5080,checkpoint selected on this split,defense_matrix_results.csv
NSLSR,leakage-safe (segment),nano,snua_at,robust_best,val,snua_go_medium,3,0.5524,0.0009,0.2983,0.0004,0.7902,0.4705,checkpoint selected on this split,defense_matrix_results.csv
NSLSR,leakage-safe (segment),nano,snua_at,robust_best,val,aria_medium,3,0.6490,0.0010,0.3612,0.0018,0.7916,0.5701,checkpoint selected on this split,defense_matrix_results.csv
NSLSR,leakage-safe (segment),nano,snua_at,robust_best,val,combined_medium,3,0.5391,0.0027,0.2910,0.0011,0.7724,0.4627,checkpoint selected on this split,defense_matrix_results.csv
NSLSR,leakage-safe (segment),nano,mixed_swir_at,robust_best,test,clean,1,0.9499,,0.6610,,0.9403,0.8791,,defense_matrix_results_test.csv
NSLSR,leakage-safe (segment),nano,mixed_swir_at,robust_best,test,pgd20,3,0.0000,0.0000,0.0000,0.0000,0.0002,0.0047,,defense_matrix_results_test.csv
NSLSR,leakage-safe (segment),nano,mixed_swir_at,robust_best,test,snua_go_weak,3,0.9187,0.0003,0.6137,0.0009,0.9276,0.8654,,defense_matrix_results_test.csv
NSLSR,leakage-safe (segment),nano,mixed_swir_at,robust_best,test,snua_go_medium,3,0.8872,0.0003,0.5605,0.0020,0.9052,0.8354,,defense_matrix_results_test.csv
NSLSR,leakage-safe (segment),nano,mixed_swir_at,robust_best,test,aria_medium,3,0.9446,0.0041,0.6529,0.0008,0.9358,0.8807,,defense_matrix_results_test.csv
NSLSR,leakage-safe (segment),nano,mixed_swir_at,robust_best,test,combined_medium,3,0.8763,0.0028,0.5496,0.0024,0.9081,0.8268,,defense_matrix_results_test.csv
NSLSR,leakage-safe (segment),nano,mixed_swir_at,robust_best,test,snua_go_strong,3,0.7745,0.0055,0.4422,0.0005,0.8475,0.7356,,all_evals_results.csv
NSLSR,leakage-safe (segment),nano,mixed_swir_at,robust_best,test,aria_strong,3,0.9308,0.0033,0.6340,0.0036,0.9304,0.8721,,all_evals_results.csv
NSLSR,leakage-safe (segment),nano,mixed_swir_at,robust_best,test,combined_strong,3,0.7576,0.0087,0.4164,0.0018,0.8443,0.7258,,all_evals_results.csv
NSLSR,leakage-safe (segment),nano,mixed_swir_at,robust_best,test,random_fpn_medium,3,0.9503,0.0005,0.6628,0.0003,0.9309,0.8847,,all_evals_results.csv
NSLSR,leakage-safe (segment),nano,mixed_swir_at,robust_best,test,random_radiometric_medium,3,0.9495,0.0018,0.6624,0.0012,0.9386,0.8806,,all_evals_results.csv
NSLSR,leakage-safe (segment),nano,mixed_swir_at,robust_best,val,clean,1,0.6190,,0.3684,,0.7212,0.5793,checkpoint selected on this split,defense_matrix_results.csv
NSLSR,leakage-safe (segment),nano,mixed_swir_at,robust_best,val,pgd20,3,0.0000,0.0000,0.0000,0.0000,0.0003,0.0102,checkpoint selected on this split,defense_matrix_results.csv
NSLSR,leakage-safe (segment),nano,mixed_swir_at,robust_best,val,snua_go_weak,3,0.5693,0.0002,0.3329,0.0005,0.7281,0.4984,checkpoint selected on this split,defense_matrix_results.csv
NSLSR,leakage-safe (segment),nano,mixed_swir_at,robust_best,val,snua_go_medium,3,0.5172,0.0009,0.2916,0.0002,0.7051,0.4738,checkpoint selected on this split,defense_matrix_results.csv
NSLSR,leakage-safe (segment),nano,mixed_swir_at,robust_best,val,aria_medium,3,0.6103,0.0002,0.3625,0.0006,0.7141,0.5715,checkpoint selected on this split,defense_matrix_results.csv
NSLSR,leakage-safe (segment),nano,mixed_swir_at,robust_best,val,combined_medium,3,0.5091,0.0007,0.2835,0.0011,0.7511,0.4461,checkpoint selected on this split,defense_matrix_results.csv
NSLSR,leakage-safe (segment),nano,aria_at,robust_best,test,clean,1,0.9607,,0.6787,,0.9244,0.9023,,all_evals_results.csv
NSLSR,leakage-safe (segment),nano,combined_at,robust_best,test,clean,1,0.9739,,0.6525,,0.9129,0.9256,,all_evals_results.csv
NSLSR,leakage-safe (segment),nano,aria_at,robust_best,test,pgd20,3,0.0000,0.0000,0.0000,0.0000,0.0001,0.0202,,all_evals_results.csv
NSLSR,leakage-safe (segment),nano,combined_at,robust_best,test,pgd20,3,0.0000,0.0000,0.0000,0.0000,0.0003,0.0031,,all_evals_results.csv
NSLSR,leakage-safe (segment),nano,aria_at,robust_best,test,snua_go_weak,3,0.4902,0.0261,0.2290,0.0066,0.5821,0.5298,,all_evals_results.csv
NSLSR,leakage-safe (segment),nano,combined_at,robust_best,test,snua_go_weak,3,0.9543,0.0004,0.6046,0.0002,0.8981,0.8812,,all_evals_results.csv
NSLSR,leakage-safe (segment),nano,aria_at,robust_best,test,snua_go_medium,3,0.2451,0.0103,0.0963,0.0073,0.3661,0.3779,,all_evals_results.csv
NSLSR,leakage-safe (segment),nano,combined_at,robust_best,test,snua_go_medium,3,0.9256,0.0011,0.5477,0.0006,0.8639,0.8713,,all_evals_results.csv
NSLSR,leakage-safe (segment),nano,aria_at,robust_best,test,aria_medium,3,0.9583,0.0016,0.6707,0.0006,0.9143,0.9070,,all_evals_results.csv
NSLSR,leakage-safe (segment),nano,combined_at,robust_best,test,aria_medium,3,0.9705,0.0016,0.6454,0.0035,0.9081,0.9165,,all_evals_results.csv
NSLSR,leakage-safe (segment),nano,aria_at,robust_best,test,combined_medium,3,0.2404,0.0018,0.0921,0.0050,0.3747,0.3798,,all_evals_results.csv
NSLSR,leakage-safe (segment),nano,combined_at,robust_best,test,combined_medium,3,0.9193,0.0032,0.5376,0.0017,0.8701,0.8502,,all_evals_results.csv
NSLSR,leakage-safe (segment),nano,aria_at,robust_best,test,snua_go_strong,3,0.0934,0.0082,0.0307,0.0038,0.2238,0.1860,,all_evals_results.csv
NSLSR,leakage-safe (segment),nano,aria_at,robust_best,test,aria_strong,3,0.9482,0.0011,0.6477,0.0025,0.8892,0.8977,,all_evals_results.csv
NSLSR,leakage-safe (segment),nano,aria_at,robust_best,test,combined_strong,3,0.0809,0.0123,0.0266,0.0032,0.2139,0.1829,,all_evals_results.csv
NSLSR,leakage-safe (segment),nano,aria_at,robust_best,test,random_fpn_medium,3,0.9280,0.0026,0.6124,0.0059,0.8606,0.8616,,all_evals_results.csv
NSLSR,leakage-safe (segment),nano,aria_at,robust_best,test,random_radiometric_medium,3,0.9612,0.0018,0.6795,0.0028,0.8979,0.9299,,all_evals_results.csv
NSLSR,leakage-safe (segment),nano,combined_at,robust_best,test,snua_go_strong,3,0.8309,0.0034,0.4485,0.0027,0.7861,0.8003,,all_evals_results.csv
NSLSR,leakage-safe (segment),nano,combined_at,robust_best,test,aria_strong,3,0.9581,0.0037,0.6210,0.0067,0.9038,0.8834,,all_evals_results.csv
NSLSR,leakage-safe (segment),nano,combined_at,robust_best,test,combined_strong,3,0.7957,0.0031,0.4115,0.0017,0.7736,0.7628,,all_evals_results.csv
NSLSR,leakage-safe (segment),nano,combined_at,robust_best,test,random_fpn_medium,3,0.9732,0.0005,0.6530,0.0014,0.9053,0.9265,,all_evals_results.csv
NSLSR,leakage-safe (segment),nano,combined_at,robust_best,test,random_radiometric_medium,3,0.9740,0.0008,0.6531,0.0020,0.9057,0.9333,,all_evals_results.csv
NSLSR,leakage-safe (segment),small,standard,best,test,clean,1,0.8979,,0.6099,,0.8491,0.8110,,aggregate_results_table2.csv
NSLSR,leakage-safe (segment),small,standard,best,test,pgd20,3,0.0000,0.0000,0.0000,0.0000,0.0000,0.0062,,all_evals_results.csv
NSLSR,leakage-safe (segment),small,standard,best,test,snua_go_weak,3,0.5048,0.0091,0.2512,0.0023,0.5987,0.5230,,all_evals_results.csv
NSLSR,leakage-safe (segment),small,standard,best,test,snua_go_medium,3,0.1757,0.0136,0.0735,0.0076,0.2425,0.3070,,all_evals_results.csv
NSLSR,leakage-safe (segment),small,standard,best,test,aria_medium,3,0.8925,0.0005,0.6029,0.0018,0.8532,0.8033,,all_evals_results.csv
NSLSR,leakage-safe (segment),small,standard,best,test,combined_medium,3,0.1856,0.0152,0.0765,0.0057,0.2376,0.3310,,all_evals_results.csv
NSLSR,leakage-safe (segment),small,standard,best,test,snua_go_strong,3,0.0228,0.0022,0.0069,0.0008,0.0898,0.1008,,all_evals_results.csv
NSLSR,leakage-safe (segment),small,standard,best,test,aria_strong,3,0.8773,0.0003,0.5794,0.0021,0.8426,0.7884,,all_evals_results.csv
NSLSR,leakage-safe (segment),small,standard,best,test,combined_strong,3,0.0205,0.0068,0.0050,0.0029,0.0813,0.0884,,all_evals_results.csv
NSLSR,leakage-safe (segment),small,standard,best,test,random_fpn_medium,3,0.8521,0.0086,0.5781,0.0075,0.8066,0.7846,,all_evals_results.csv
NSLSR,leakage-safe (segment),small,standard,best,test,random_radiometric_medium,3,0.8967,0.0004,0.6094,0.0022,0.8568,0.8047,,all_evals_results.csv
NSLSR,leakage-safe (segment),small,standard,best,val,clean,1,0.6980,,0.3674,,0.7686,0.6006,,aggregate_results_table2.csv
NSLSR,leakage-safe (segment),small,standard,last,test,clean,1,0.9398,,0.6883,,0.8792,0.9144,,aggregate_results_table2.csv
NSLSR,leakage-safe (segment),small,standard,last,test,pgd20,3,0.0000,0.0000,0.0000,0.0000,0.0001,0.0078,,all_evals_results.csv
NSLSR,leakage-safe (segment),small,standard,last,test,snua_go_weak,3,0.5387,0.0142,0.2233,0.0038,0.7059,0.5953,,all_evals_results.csv
NSLSR,leakage-safe (segment),small,standard,last,test,snua_go_medium,3,0.3018,0.0192,0.0955,0.0063,0.5354,0.4161,,all_evals_results.csv
NSLSR,leakage-safe (segment),small,standard,last,test,aria_medium,3,0.9347,0.0025,0.6756,0.0023,0.8787,0.9058,,all_evals_results.csv
NSLSR,leakage-safe (segment),small,standard,last,test,combined_medium,3,0.2986,0.0098,0.0944,0.0061,0.5102,0.4326,,all_evals_results.csv
NSLSR,leakage-safe (segment),small,standard,last,test,snua_go_strong,3,0.1364,0.0076,0.0326,0.0018,0.4340,0.2155,,all_evals_results.csv
NSLSR,leakage-safe (segment),small,standard,last,test,aria_strong,3,0.9169,0.0009,0.6413,0.0017,0.8670,0.8586,,all_evals_results.csv
NSLSR,leakage-safe (segment),small,standard,last,test,combined_strong,3,0.1383,0.0130,0.0341,0.0035,0.3943,0.2157,,all_evals_results.csv
NSLSR,leakage-safe (segment),small,standard,last,test,random_fpn_medium,3,0.8718,0.0032,0.5996,0.0017,0.8957,0.7659,,all_evals_results.csv
NSLSR,leakage-safe (segment),small,standard,last,test,random_radiometric_medium,3,0.9398,0.0006,0.6870,0.0017,0.8793,0.9135,,all_evals_results.csv
NSLSR,leakage-safe (segment),small,standard,last,val,clean,1,0.5840,,0.3213,,0.7932,0.4756,,aggregate_results_table2.csv
NSLSR,leakage-safe (segment),small,adversarial,best,test,clean,1,0.9160,,0.6169,,0.9331,0.7784,,aggregate_results_table2.csv
NSLSR,leakage-safe (segment),small,adversarial,best,test,pgd20,1,0.2461,,0.1068,,0.3189,0.4326,,aggregate_results_table2.csv
NSLSR,leakage-safe (segment),small,adversarial,best,val,clean,1,0.6124,,0.3408,,0.7573,0.5244,,aggregate_results_table2.csv
NSLSR,leakage-safe (segment),small,adversarial,last,test,clean,1,0.8961,,0.6430,,0.8304,0.8605,,aggregate_results_table2.csv
NSLSR,leakage-safe (segment),small,adversarial,last,test,pgd20,1,0.5022,,0.2430,,0.6813,0.5674,,aggregate_results_table2.csv
NSLSR,leakage-safe (segment),small,adversarial,last,val,clean,1,0.5394,,0.3086,,0.7269,0.5366,,aggregate_results_table2.csv
NSLSR,leakage-safe (segment),small,pgd_at,best,test,clean,1,0.9160,,0.6169,,0.9331,0.7784,,all_evals_results.csv
NSLSR,leakage-safe (segment),small,pgd_at,best,test,pgd20,3,0.2583,0.0083,0.1108,0.0031,0.3289,0.4326,,all_evals_results.csv
NSLSR,leakage-safe (segment),small,pgd_at,best,test,snua_go_weak,3,0.8353,0.0008,0.5153,0.0013,0.8597,0.7157,,all_evals_results.csv
NSLSR,leakage-safe (segment),small,pgd_at,best,test,snua_go_medium,3,0.7148,0.0009,0.3863,0.0006,0.7845,0.6744,,all_evals_results.csv
NSLSR,leakage-safe (segment),small,pgd_at,best,test,aria_medium,3,0.9100,0.0007,0.6092,0.0021,0.9156,0.7831,,all_evals_results.csv
NSLSR,leakage-safe (segment),small,pgd_at,best,test,combined_medium,3,0.7096,0.0057,0.3787,0.0074,0.8026,0.6543,,all_evals_results.csv
NSLSR,leakage-safe (segment),small,pgd_at,best,test,snua_go_strong,3,0.3053,0.0138,0.1158,0.0053,0.5012,0.3674,,all_evals_results.csv
NSLSR,leakage-safe (segment),small,pgd_at,best,test,aria_strong,3,0.8854,0.0017,0.5770,0.0026,0.9003,0.7798,,all_evals_results.csv
NSLSR,leakage-safe (segment),small,pgd_at,best,test,combined_strong,3,0.2865,0.0301,0.1057,0.0072,0.4964,0.3338,,all_evals_results.csv
NSLSR,leakage-safe (segment),small,pgd_at,best,test,random_fpn_medium,3,0.9229,0.0009,0.6290,0.0008,0.8502,0.8648,,all_evals_results.csv
NSLSR,leakage-safe (segment),small,pgd_at,best,test,random_radiometric_medium,3,0.9152,0.0005,0.6170,0.0026,0.9203,0.7855,,all_evals_results.csv
NSLSR,leakage-safe (segment),small,pgd_at,last,test,clean,1,0.8961,,0.6430,,0.8304,0.8605,,all_evals_results.csv
NSLSR,leakage-safe (segment),small,pgd_at,last,test,pgd20,3,0.5114,0.0023,0.2448,0.0025,0.6659,0.5705,,all_evals_results.csv
NSLSR,leakage-safe (segment),small,pgd_at,last,test,snua_go_weak,3,0.8264,0.0006,0.5514,0.0015,0.7940,0.7721,,all_evals_results.csv
NSLSR,leakage-safe (segment),small,pgd_at,last,test,snua_go_medium,3,0.7325,0.0082,0.4368,0.0032,0.7921,0.7033,,all_evals_results.csv
NSLSR,leakage-safe (segment),small,pgd_at,last,test,aria_medium,3,0.8926,0.0016,0.6390,0.0019,0.8304,0.8589,,all_evals_results.csv
NSLSR,leakage-safe (segment),small,pgd_at,last,test,combined_medium,3,0.7275,0.0022,0.4313,0.0032,0.7886,0.7015,,all_evals_results.csv
NSLSR,leakage-safe (segment),small,pgd_at,last,test,snua_go_strong,3,0.4037,0.0053,0.1643,0.0009,0.5269,0.4341,,all_evals_results.csv
NSLSR,leakage-safe (segment),small,pgd_at,last,test,aria_strong,3,0.8821,0.0061,0.6197,0.0019,0.8637,0.8120,,all_evals_results.csv
NSLSR,leakage-safe (segment),small,pgd_at,last,test,combined_strong,3,0.3734,0.0043,0.1498,0.0032,0.5057,0.4256,,all_evals_results.csv
NSLSR,leakage-safe (segment),small,pgd_at,last,test,random_fpn_medium,3,0.8966,0.0051,0.6478,0.0016,0.8328,0.8799,,all_evals_results.csv
NSLSR,leakage-safe (segment),small,pgd_at,last,test,random_radiometric_medium,3,0.8989,0.0061,0.6442,0.0012,0.8580,0.8448,,all_evals_results.csv
NSLSR,leakage-safe (segment),small,random_swir_aug,robust_best,test,clean,1,0.9286,,0.6583,,0.8428,0.8480,,all_evals_results.csv
NSLSR,leakage-safe (segment),small,random_swir_aug,robust_best,test,pgd20,3,0.0000,0.0000,0.0000,0.0000,0.0001,0.0047,,all_evals_results.csv
NSLSR,leakage-safe (segment),small,random_swir_aug,robust_best,test,snua_go_weak,3,0.7080,0.0025,0.4107,0.0009,0.7688,0.6884,,all_evals_results.csv
NSLSR,leakage-safe (segment),small,random_swir_aug,robust_best,test,snua_go_medium,3,0.5490,0.0099,0.2639,0.0033,0.6596,0.5736,,all_evals_results.csv
NSLSR,leakage-safe (segment),small,random_swir_aug,robust_best,test,aria_medium,3,0.9254,0.0005,0.6497,0.0013,0.8502,0.8336,,all_evals_results.csv
NSLSR,leakage-safe (segment),small,random_swir_aug,robust_best,test,combined_medium,3,0.5474,0.0132,0.2627,0.0058,0.6394,0.5753,,all_evals_results.csv
NSLSR,leakage-safe (segment),small,random_swir_aug,robust_best,test,snua_go_strong,3,0.2216,0.0205,0.0587,0.0076,0.3253,0.3814,,all_evals_results.csv
NSLSR,leakage-safe (segment),small,random_swir_aug,robust_best,test,aria_strong,3,0.9112,0.0032,0.6239,0.0031,0.8778,0.7917,,all_evals_results.csv
NSLSR,leakage-safe (segment),small,random_swir_aug,robust_best,test,combined_strong,3,0.2070,0.0245,0.0539,0.0094,0.2916,0.3674,,all_evals_results.csv
NSLSR,leakage-safe (segment),small,random_swir_aug,robust_best,test,random_fpn_medium,3,0.9257,0.0029,0.6490,0.0019,0.8731,0.8248,,all_evals_results.csv
NSLSR,leakage-safe (segment),small,random_swir_aug,robust_best,test,random_radiometric_medium,3,0.9321,0.0031,0.6589,0.0017,0.8541,0.8426,,all_evals_results.csv
NSLSR,leakage-safe (segment),small,snua_at,robust_best,test,clean,1,0.9125,,0.6478,,0.8283,0.8837,,all_evals_results.csv
NSLSR,leakage-safe (segment),small,snua_at,robust_best,test,pgd20,3,0.0000,0.0000,0.0000,0.0000,0.0000,0.0000,,all_evals_results.csv
NSLSR,leakage-safe (segment),small,snua_at,robust_best,test,snua_go_weak,3,0.8552,0.0005,0.5716,0.0006,0.8000,0.7820,,all_evals_results.csv
NSLSR,leakage-safe (segment),small,snua_at,robust_best,test,snua_go_medium,3,0.7780,0.0012,0.4924,0.0015,0.7544,0.7427,,all_evals_results.csv
NSLSR,leakage-safe (segment),small,snua_at,robust_best,test,aria_medium,3,0.9048,0.0030,0.6392,0.0019,0.8179,0.8798,,all_evals_results.csv
NSLSR,leakage-safe (segment),small,snua_at,robust_best,test,combined_medium,3,0.7676,0.0010,0.4847,0.0001,0.7517,0.7404,,all_evals_results.csv
NSLSR,leakage-safe (segment),small,snua_at,robust_best,test,snua_go_strong,3,0.6257,0.0039,0.3603,0.0007,0.6035,0.6946,,all_evals_results.csv
NSLSR,leakage-safe (segment),small,snua_at,robust_best,test,aria_strong,3,0.8872,0.0063,0.6170,0.0024,0.8020,0.8565,,all_evals_results.csv
NSLSR,leakage-safe (segment),small,snua_at,robust_best,test,combined_strong,3,0.6066,0.0083,0.3375,0.0010,0.6107,0.6341,,all_evals_results.csv
NSLSR,leakage-safe (segment),small,snua_at,robust_best,test,random_fpn_medium,3,0.9109,0.0012,0.6458,0.0024,0.8257,0.8847,,all_evals_results.csv
NSLSR,leakage-safe (segment),small,snua_at,robust_best,test,random_radiometric_medium,3,0.9099,0.0033,0.6458,0.0015,0.8345,0.8795,,all_evals_results.csv
NSLSR,leakage-safe (segment),small,mixed_swir_at,robust_best,test,clean,1,0.9535,,0.6785,,0.8965,0.8744,,all_evals_results.csv
NSLSR,leakage-safe (segment),small,mixed_swir_at,robust_best,test,pgd20,3,0.0000,0.0000,0.0000,0.0000,0.0000,0.0016,,all_evals_results.csv
NSLSR,leakage-safe (segment),small,mixed_swir_at,robust_best,test,snua_go_weak,3,0.9219,0.0002,0.6242,0.0005,0.8745,0.8279,,all_evals_results.csv
NSLSR,leakage-safe (segment),small,mixed_swir_at,robust_best,test,snua_go_medium,3,0.8896,0.0006,0.5615,0.0014,0.8961,0.7752,,all_evals_results.csv
NSLSR,leakage-safe (segment),small,mixed_swir_at,robust_best,test,aria_medium,3,0.9498,0.0016,0.6680,0.0019,0.8849,0.8697,,all_evals_results.csv
NSLSR,leakage-safe (segment),small,mixed_swir_at,robust_best,test,combined_medium,3,0.8834,0.0015,0.5509,0.0012,0.8859,0.7690,,all_evals_results.csv
NSLSR,leakage-safe (segment),small,mixed_swir_at,robust_best,test,snua_go_strong,3,0.7953,0.0034,0.4445,0.0019,0.8405,0.7210,,all_evals_results.csv
NSLSR,leakage-safe (segment),small,mixed_swir_at,robust_best,test,aria_strong,3,0.9342,0.0008,0.6430,0.0024,0.8834,0.8422,,all_evals_results.csv
NSLSR,leakage-safe (segment),small,mixed_swir_at,robust_best,test,combined_strong,3,0.7652,0.0065,0.4141,0.0066,0.7997,0.7070,,all_evals_results.csv
NSLSR,leakage-safe (segment),small,mixed_swir_at,robust_best,test,random_fpn_medium,3,0.9534,0.0004,0.6762,0.0018,0.8964,0.8760,,all_evals_results.csv
NSLSR,leakage-safe (segment),small,mixed_swir_at,robust_best,test,random_radiometric_medium,3,0.9546,0.0005,0.6757,0.0018,0.8939,0.8760,,all_evals_results.csv
RASMD,stratified (own),nano,standard,best,test,clean,1,0.7076,,0.4618,,0.8041,0.6684,,aggregate_results_table2.csv
RASMD,stratified (own),nano,standard,best,test,pgd20,3,0.0000,0.0000,0.0000,0.0000,0.0556,0.0000,,all_evals_results.csv
RASMD,stratified (own),nano,standard,best,test,snua_go_weak,3,0.0769,0.0006,0.0366,0.0007,0.3384,0.1151,,all_evals_results.csv
RASMD,stratified (own),nano,standard,best,test,snua_go_medium,3,0.0107,0.0021,0.0050,0.0010,0.0324,0.0603,,all_evals_results.csv
RASMD,stratified (own),nano,standard,best,test,aria_medium,3,0.7058,0.0008,0.4589,0.0005,0.7925,0.6731,,all_evals_results.csv
RASMD,stratified (own),nano,standard,best,test,combined_medium,3,0.0079,0.0012,0.0037,0.0005,0.0283,0.0543,,all_evals_results.csv
RASMD,stratified (own),nano,standard,best,test,snua_go_strong,3,0.0002,0.0001,0.0001,0.0001,0.1713,0.0004,,all_evals_results.csv
RASMD,stratified (own),nano,standard,best,test,aria_strong,3,0.6914,0.0035,0.4458,0.0013,0.7755,0.6603,,all_evals_results.csv
RASMD,stratified (own),nano,standard,best,test,combined_strong,3,0.0001,0.0001,0.0001,0.0001,0.1713,0.0003,,all_evals_results.csv
RASMD,stratified (own),nano,standard,best,test,random_fpn_medium,3,0.2411,0.0025,0.1545,0.0026,0.7045,0.2264,,all_evals_results.csv
RASMD,stratified (own),nano,standard,best,test,random_radiometric_medium,3,0.7084,0.0015,0.4633,0.0010,0.7980,0.6715,,all_evals_results.csv
RASMD,stratified (own),nano,standard,best,val,clean,1,0.7274,,0.5126,,0.8169,0.7297,,aggregate_results_table2.csv
RASMD,stratified (own),nano,standard,last,test,clean,1,0.7066,,0.4550,,0.8145,0.6727,,aggregate_results_table2.csv
RASMD,stratified (own),nano,standard,last,test,pgd20,3,0.0000,0.0000,0.0000,0.0000,0.0000,0.0000,,all_evals_results.csv
RASMD,stratified (own),nano,standard,last,test,snua_go_weak,3,0.0776,0.0041,0.0366,0.0016,0.2407,0.0986,,all_evals_results.csv
RASMD,stratified (own),nano,standard,last,test,snua_go_medium,3,0.0074,0.0019,0.0045,0.0013,0.0314,0.0235,,all_evals_results.csv
RASMD,stratified (own),nano,standard,last,test,aria_medium,3,0.7028,0.0006,0.4497,0.0005,0.7928,0.6740,,all_evals_results.csv
RASMD,stratified (own),nano,standard,last,test,combined_medium,3,0.0057,0.0018,0.0034,0.0013,0.0308,0.0194,,all_evals_results.csv
RASMD,stratified (own),nano,standard,last,test,snua_go_strong,3,0.0000,0.0000,0.0000,0.0000,0.2801,0.0002,,all_evals_results.csv
RASMD,stratified (own),nano,standard,last,test,aria_strong,3,0.6886,0.0013,0.4328,0.0004,0.7689,0.6660,,all_evals_results.csv
RASMD,stratified (own),nano,standard,last,test,combined_strong,3,0.0000,0.0001,0.0000,0.0000,0.0014,0.0008,,all_evals_results.csv
RASMD,stratified (own),nano,standard,last,test,random_fpn_medium,3,0.2308,0.0008,0.1449,0.0018,0.6620,0.2183,,all_evals_results.csv
RASMD,stratified (own),nano,standard,last,test,random_radiometric_medium,3,0.7061,0.0012,0.4550,0.0005,0.8133,0.6718,,all_evals_results.csv
RASMD,stratified (own),nano,standard,last,val,clean,1,0.7297,,0.4986,,0.8169,0.7187,,aggregate_results_table2.csv
RASMD,stratified (own),nano,adversarial,best,test,clean,1,0.6524,,0.4132,,0.7189,0.5583,,aggregate_results_table2.csv
RASMD,stratified (own),nano,adversarial,best,test,pgd20,1,0.0497,,0.0168,,0.3451,0.0995,,aggregate_results_table2.csv
RASMD,stratified (own),nano,adversarial,best,val,clean,1,0.6263,,0.4433,,0.7400,0.5813,,aggregate_results_table2.csv
RASMD,stratified (own),nano,adversarial,last,test,clean,1,0.6797,,0.4347,,0.7759,0.6388,,aggregate_results_table2.csv
RASMD,stratified (own),nano,adversarial,last,test,pgd20,1,0.0638,,0.0181,,0.3240,0.1245,,aggregate_results_table2.csv
RASMD,stratified (own),nano,adversarial,last,val,clean,1,0.6025,,0.4307,,0.6839,0.5769,,aggregate_results_table2.csv
RASMD,stratified (own),nano,pgd_at,best,test,clean,1,0.6524,,0.4132,,0.7189,0.5583,,all_evals_results.csv
RASMD,stratified (own),nano,pgd_at,best,test,pgd20,3,0.0500,0.0019,0.0171,0.0001,0.3532,0.0969,,all_evals_results.csv
RASMD,stratified (own),nano,pgd_at,best,test,snua_go_weak,3,0.1678,0.0018,0.0947,0.0005,0.3909,0.1926,,all_evals_results.csv
RASMD,stratified (own),nano,pgd_at,best,test,snua_go_medium,3,0.0587,0.0057,0.0273,0.0024,0.2490,0.0820,,all_evals_results.csv
RASMD,stratified (own),nano,pgd_at,best,test,aria_medium,3,0.6461,0.0028,0.4075,0.0022,0.7211,0.5512,,all_evals_results.csv
RASMD,stratified (own),nano,pgd_at,best,test,combined_medium,3,0.0561,0.0063,0.0267,0.0027,0.2428,0.0793,,all_evals_results.csv
RASMD,stratified (own),nano,pgd_at,best,test,snua_go_strong,3,0.0032,0.0011,0.0011,0.0003,0.0760,0.0170,,all_evals_results.csv
RASMD,stratified (own),nano,pgd_at,best,test,aria_strong,3,0.6231,0.0093,0.3918,0.0049,0.7247,0.5286,,all_evals_results.csv
RASMD,stratified (own),nano,pgd_at,best,test,combined_strong,3,0.0022,0.0007,0.0007,0.0003,0.1997,0.0087,,all_evals_results.csv
RASMD,stratified (own),nano,pgd_at,best,test,random_fpn_medium,3,0.2781,0.0062,0.1817,0.0023,0.7078,0.2543,,all_evals_results.csv
RASMD,stratified (own),nano,pgd_at,best,test,random_radiometric_medium,3,0.6526,0.0029,0.4125,0.0027,0.7284,0.5522,,all_evals_results.csv
RASMD,stratified (own),nano,pgd_at,last,test,clean,1,0.6797,,0.4347,,0.7759,0.6388,,all_evals_results.csv
RASMD,stratified (own),nano,pgd_at,last,test,pgd20,3,0.0652,0.0011,0.0185,0.0004,0.3277,0.1231,,all_evals_results.csv
RASMD,stratified (own),nano,pgd_at,last,test,snua_go_weak,3,0.1639,0.0001,0.0910,0.0003,0.4172,0.1859,,all_evals_results.csv
RASMD,stratified (own),nano,pgd_at,last,test,snua_go_medium,3,0.0572,0.0037,0.0250,0.0022,0.2242,0.0799,,all_evals_results.csv
RASMD,stratified (own),nano,pgd_at,last,test,aria_medium,3,0.6751,0.0017,0.4313,0.0007,0.7597,0.6373,,all_evals_results.csv
RASMD,stratified (own),nano,pgd_at,last,test,combined_medium,3,0.0570,0.0034,0.0245,0.0018,0.2344,0.0792,,all_evals_results.csv
RASMD,stratified (own),nano,pgd_at,last,test,snua_go_strong,3,0.0027,0.0010,0.0008,0.0003,0.0090,0.0102,,all_evals_results.csv
RASMD,stratified (own),nano,pgd_at,last,test,aria_strong,3,0.6577,0.0055,0.4169,0.0033,0.7209,0.6359,,all_evals_results.csv
RASMD,stratified (own),nano,pgd_at,last,test,combined_strong,3,0.0021,0.0003,0.0007,0.0002,0.0072,0.0090,,all_evals_results.csv
RASMD,stratified (own),nano,pgd_at,last,test,random_fpn_medium,3,0.2830,0.0068,0.1848,0.0028,0.7249,0.2562,,all_evals_results.csv
RASMD,stratified (own),nano,pgd_at,last,test,random_radiometric_medium,3,0.6783,0.0010,0.4352,0.0008,0.7640,0.6391,,all_evals_results.csv
RASMD,stratified (own),nano,random_swir_aug,robust_best,test,clean,1,0.6915,,0.4550,,0.7432,0.6994,,all_evals_results.csv
RASMD,stratified (own),nano,random_swir_aug,robust_best,test,pgd20,3,0.0000,0.0000,0.0000,0.0000,0.0000,0.0000,,all_evals_results.csv
RASMD,stratified (own),nano,random_swir_aug,robust_best,test,snua_go_weak,3,0.4310,0.0035,0.2356,0.0019,0.5935,0.4276,,all_evals_results.csv
RASMD,stratified (own),nano,random_swir_aug,robust_best,test,snua_go_medium,3,0.2182,0.0077,0.0994,0.0041,0.4360,0.2596,,all_evals_results.csv
RASMD,stratified (own),nano,random_swir_aug,robust_best,test,aria_medium,3,0.6871,0.0028,0.4510,0.0021,0.7415,0.6974,,all_evals_results.csv
RASMD,stratified (own),nano,random_swir_aug,robust_best,test,combined_medium,3,0.2166,0.0044,0.0979,0.0006,0.4350,0.2594,,all_evals_results.csv
RASMD,stratified (own),nano,random_swir_aug,robust_best,test,snua_go_strong,3,0.0341,0.0067,0.0109,0.0010,0.1353,0.0622,,all_evals_results.csv
RASMD,stratified (own),nano,random_swir_aug,robust_best,test,aria_strong,3,0.6759,0.0027,0.4381,0.0019,0.7186,0.6880,,all_evals_results.csv
RASMD,stratified (own),nano,random_swir_aug,robust_best,test,combined_strong,3,0.0321,0.0076,0.0098,0.0014,0.1348,0.0609,,all_evals_results.csv
RASMD,stratified (own),nano,random_swir_aug,robust_best,test,random_fpn_medium,3,0.6759,0.0018,0.4292,0.0023,0.7599,0.6355,,all_evals_results.csv
RASMD,stratified (own),nano,random_swir_aug,robust_best,test,random_radiometric_medium,3,0.6909,0.0023,0.4547,0.0023,0.7416,0.6964,,all_evals_results.csv
RASMD,stratified (own),nano,snua_at,robust_best,test,clean,1,0.7085,,0.4572,,0.8237,0.6438,,all_evals_results.csv
RASMD,stratified (own),nano,snua_at,robust_best,test,pgd20,3,0.0000,0.0000,0.0000,0.0000,0.0000,0.0000,,all_evals_results.csv
RASMD,stratified (own),nano,snua_at,robust_best,test,snua_go_weak,3,0.6799,0.0016,0.4204,0.0003,0.7991,0.6267,,all_evals_results.csv
RASMD,stratified (own),nano,snua_at,robust_best,test,snua_go_medium,3,0.6444,0.0018,0.3874,0.0004,0.7620,0.6166,,all_evals_results.csv
RASMD,stratified (own),nano,snua_at,robust_best,test,aria_medium,3,0.6973,0.0018,0.4472,0.0015,0.8095,0.6402,,all_evals_results.csv
RASMD,stratified (own),nano,snua_at,robust_best,test,combined_medium,3,0.6357,0.0027,0.3799,0.0008,0.7394,0.6187,,all_evals_results.csv
RASMD,stratified (own),nano,snua_at,robust_best,test,snua_go_strong,3,0.5683,0.0013,0.3231,0.0007,0.6364,0.5735,,all_evals_results.csv
RASMD,stratified (own),nano,snua_at,robust_best,test,aria_strong,3,0.6784,0.0017,0.4273,0.0017,0.7672,0.6389,,all_evals_results.csv
RASMD,stratified (own),nano,snua_at,robust_best,test,combined_strong,3,0.5290,0.0008,0.2981,0.0010,0.6104,0.5134,,all_evals_results.csv
RASMD,stratified (own),nano,snua_at,robust_best,test,random_fpn_medium,3,0.7086,0.0009,0.4573,0.0008,0.8189,0.6451,,all_evals_results.csv
RASMD,stratified (own),nano,snua_at,robust_best,test,random_radiometric_medium,3,0.7036,0.0036,0.4534,0.0020,0.8122,0.6485,,all_evals_results.csv
RASMD,stratified (own),nano,mixed_swir_at,robust_best,test,clean,1,0.6869,,0.4546,,0.8112,0.6378,,all_evals_results.csv
RASMD,stratified (own),nano,mixed_swir_at,robust_best,test,pgd20,3,0.0000,0.0000,0.0000,0.0000,0.0000,0.0001,,all_evals_results.csv
RASMD,stratified (own),nano,mixed_swir_at,robust_best,test,snua_go_weak,3,0.6575,0.0007,0.4190,0.0002,0.7947,0.6201,,all_evals_results.csv
RASMD,stratified (own),nano,mixed_swir_at,robust_best,test,snua_go_medium,3,0.6307,0.0005,0.3872,0.0019,0.7825,0.5916,,all_evals_results.csv
RASMD,stratified (own),nano,mixed_swir_at,robust_best,test,aria_medium,3,0.6845,0.0026,0.4503,0.0013,0.8106,0.6405,,all_evals_results.csv
RASMD,stratified (own),nano,mixed_swir_at,robust_best,test,combined_medium,3,0.6258,0.0014,0.3826,0.0013,0.7619,0.5957,,all_evals_results.csv
RASMD,stratified (own),nano,mixed_swir_at,robust_best,test,snua_go_strong,3,0.5627,0.0005,0.3239,0.0009,0.7057,0.5597,,all_evals_results.csv
RASMD,stratified (own),nano,mixed_swir_at,robust_best,test,aria_strong,3,0.6724,0.0006,0.4366,0.0018,0.8121,0.6309,,all_evals_results.csv
RASMD,stratified (own),nano,mixed_swir_at,robust_best,test,combined_strong,3,0.5331,0.0028,0.3057,0.0005,0.6746,0.5405,,all_evals_results.csv
RASMD,stratified (own),nano,mixed_swir_at,robust_best,test,random_fpn_medium,3,0.6872,0.0007,0.4545,0.0013,0.8149,0.6369,,all_evals_results.csv
RASMD,stratified (own),nano,mixed_swir_at,robust_best,test,random_radiometric_medium,3,0.6884,0.0035,0.4547,0.0006,0.8091,0.6437,,all_evals_results.csv
RASMD,stratified (own),small,standard,best,test,clean,1,0.7385,,0.4705,,0.8183,0.6968,,aggregate_results_table2.csv
RASMD,stratified (own),small,standard,best,test,pgd20,3,0.0000,0.0000,0.0000,0.0000,0.0000,0.0003,,all_evals_results.csv
RASMD,stratified (own),small,standard,best,test,snua_go_weak,3,0.0935,0.0025,0.0416,0.0016,0.2511,0.1225,,all_evals_results.csv
RASMD,stratified (own),small,standard,best,test,snua_go_medium,3,0.0081,0.0021,0.0039,0.0012,0.0499,0.0237,,all_evals_results.csv
RASMD,stratified (own),small,standard,best,test,aria_medium,3,0.7342,0.0029,0.4665,0.0005,0.8196,0.6933,,all_evals_results.csv
RASMD,stratified (own),small,standard,best,test,combined_medium,3,0.0082,0.0034,0.0036,0.0016,0.0389,0.0236,,all_evals_results.csv
RASMD,stratified (own),small,standard,best,test,snua_go_strong,3,0.0003,0.0005,0.0001,0.0001,0.0020,0.0010,,all_evals_results.csv
RASMD,stratified (own),small,standard,best,test,aria_strong,3,0.7240,0.0017,0.4563,0.0003,0.8119,0.6893,,all_evals_results.csv
RASMD,stratified (own),small,standard,best,test,combined_strong,3,0.0001,0.0001,0.0000,0.0000,0.0018,0.0010,,all_evals_results.csv
RASMD,stratified (own),small,standard,best,test,random_fpn_medium,3,0.2906,0.0130,0.1725,0.0063,0.5947,0.2742,,all_evals_results.csv
RASMD,stratified (own),small,standard,best,test,random_radiometric_medium,3,0.7373,0.0019,0.4695,0.0004,0.8197,0.6942,,all_evals_results.csv
RASMD,stratified (own),small,standard,best,val,clean,1,0.7803,,0.5470,,0.8529,0.7305,,aggregate_results_table2.csv
RASMD,stratified (own),small,standard,last,test,clean,1,0.7543,,0.4995,,0.8302,0.7297,,aggregate_results_table2.csv
RASMD,stratified (own),small,standard,last,test,pgd20,3,0.0000,0.0000,0.0000,0.0000,0.0000,0.0001,,all_evals_results.csv
RASMD,stratified (own),small,standard,last,test,snua_go_weak,3,0.1102,0.0047,0.0556,0.0048,0.3239,0.1307,,all_evals_results.csv
RASMD,stratified (own),small,standard,last,test,snua_go_medium,3,0.0219,0.0016,0.0082,0.0007,0.1679,0.0269,,all_evals_results.csv
RASMD,stratified (own),small,standard,last,test,aria_medium,3,0.7532,0.0017,0.4953,0.0019,0.8231,0.7308,,all_evals_results.csv
RASMD,stratified (own),small,standard,last,test,combined_medium,3,0.0213,0.0023,0.0074,0.0007,0.1236,0.0254,,all_evals_results.csv
RASMD,stratified (own),small,standard,last,test,snua_go_strong,3,0.0001,0.0000,0.0000,0.0000,0.1143,0.0009,,all_evals_results.csv
RASMD,stratified (own),small,standard,last,test,aria_strong,3,0.7429,0.0043,0.4843,0.0031,0.8111,0.7251,,all_evals_results.csv
RASMD,stratified (own),small,standard,last,test,combined_strong,3,0.0000,0.0000,0.0000,0.0000,0.0579,0.0008,,all_evals_results.csv
RASMD,stratified (own),small,standard,last,test,random_fpn_medium,3,0.2543,0.0090,0.1590,0.0044,0.6297,0.2344,,all_evals_results.csv
RASMD,stratified (own),small,standard,last,test,random_radiometric_medium,3,0.7553,0.0011,0.4988,0.0017,0.8295,0.7287,,all_evals_results.csv
RASMD,stratified (own),small,standard,last,val,clean,1,0.7306,,0.5296,,0.7736,0.7380,,aggregate_results_table2.csv
RASMD,stratified (own),small,adversarial,best,test,clean,1,0.7045,,0.4609,,0.7661,0.6986,,aggregate_results_table2.csv
RASMD,stratified (own),small,adversarial,best,test,pgd20,1,0.1112,,0.0360,,0.5143,0.1312,,aggregate_results_table2.csv
RASMD,stratified (own),small,adversarial,best,val,clean,1,0.7330,,0.4799,,0.7977,0.7022,,aggregate_results_table2.csv
RASMD,stratified (own),small,adversarial,last,test,clean,1,0.7252,,0.4658,,0.8047,0.6769,,aggregate_results_table2.csv
RASMD,stratified (own),small,adversarial,last,test,pgd20,1,0.1423,,0.0489,,0.5907,0.1580,,aggregate_results_table2.csv
RASMD,stratified (own),small,adversarial,last,val,clean,1,0.6860,,0.4751,,0.7449,0.6974,,aggregate_results_table2.csv
RASMD,stratified (own),small,pgd_at,best,test,clean,1,0.7045,,0.4609,,0.7661,0.6986,,all_evals_results.csv
RASMD,stratified (own),small,pgd_at,best,test,pgd20,3,0.1154,0.0008,0.0365,0.0002,0.4866,0.1398,,all_evals_results.csv
RASMD,stratified (own),small,pgd_at,best,test,snua_go_weak,3,0.2360,0.0041,0.1268,0.0010,0.4564,0.2395,,all_evals_results.csv
RASMD,stratified (own),small,pgd_at,best,test,snua_go_medium,3,0.1342,0.0029,0.0626,0.0020,0.3193,0.1608,,all_evals_results.csv
RASMD,stratified (own),small,pgd_at,best,test,aria_medium,3,0.7050,0.0011,0.4588,0.0003,0.7627,0.7000,,all_evals_results.csv
RASMD,stratified (own),small,pgd_at,best,test,combined_medium,3,0.1328,0.0041,0.0612,0.0022,0.3727,0.1521,,all_evals_results.csv
RASMD,stratified (own),small,pgd_at,best,test,snua_go_strong,3,0.0241,0.0034,0.0090,0.0019,0.1402,0.0445,,all_evals_results.csv
RASMD,stratified (own),small,pgd_at,best,test,aria_strong,3,0.6988,0.0014,0.4520,0.0013,0.7671,0.6901,,all_evals_results.csv
RASMD,stratified (own),small,pgd_at,best,test,combined_strong,3,0.0213,0.0036,0.0079,0.0014,0.1164,0.0393,,all_evals_results.csv
RASMD,stratified (own),small,pgd_at,best,test,random_fpn_medium,3,0.4438,0.0063,0.2708,0.0018,0.5843,0.4156,,all_evals_results.csv
RASMD,stratified (own),small,pgd_at,best,test,random_radiometric_medium,3,0.7070,0.0028,0.4610,0.0004,0.7606,0.7024,,all_evals_results.csv
RASMD,stratified (own),small,pgd_at,last,test,clean,1,0.7252,,0.4658,,0.8047,0.6769,,all_evals_results.csv
RASMD,stratified (own),small,pgd_at,last,test,pgd20,3,0.1419,0.0025,0.0490,0.0004,0.6031,0.1567,,all_evals_results.csv
RASMD,stratified (own),small,pgd_at,last,test,snua_go_weak,3,0.2407,0.0035,0.1338,0.0004,0.4802,0.2550,,all_evals_results.csv
RASMD,stratified (own),small,pgd_at,last,test,snua_go_medium,3,0.1465,0.0016,0.0718,0.0015,0.4083,0.1679,,all_evals_results.csv
RASMD,stratified (own),small,pgd_at,last,test,aria_medium,3,0.7230,0.0008,0.4629,0.0002,0.7953,0.6805,,all_evals_results.csv
RASMD,stratified (own),small,pgd_at,last,test,combined_medium,3,0.1446,0.0021,0.0707,0.0011,0.4226,0.1645,,all_evals_results.csv
RASMD,stratified (own),small,pgd_at,last,test,snua_go_strong,3,0.0256,0.0003,0.0101,0.0001,0.1922,0.0434,,all_evals_results.csv
RASMD,stratified (own),small,pgd_at,last,test,aria_strong,3,0.7156,0.0017,0.4560,0.0009,0.7869,0.6769,,all_evals_results.csv
RASMD,stratified (own),small,pgd_at,last,test,combined_strong,3,0.0259,0.0018,0.0101,0.0008,0.2469,0.0421,,all_evals_results.csv
RASMD,stratified (own),small,pgd_at,last,test,random_fpn_medium,3,0.4401,0.0073,0.2765,0.0051,0.5813,0.4164,,all_evals_results.csv
RASMD,stratified (own),small,pgd_at,last,test,random_radiometric_medium,3,0.7240,0.0012,0.4650,0.0003,0.7956,0.6827,,all_evals_results.csv
RASMD,stratified (own),small,random_swir_aug,robust_best,test,clean,1,0.7716,,0.5051,,0.8357,0.7261,,all_evals_results.csv
RASMD,stratified (own),small,random_swir_aug,robust_best,test,pgd20,3,0.0000,0.0000,0.0000,0.0000,0.0000,0.0000,,all_evals_results.csv
RASMD,stratified (own),small,random_swir_aug,robust_best,test,snua_go_weak,3,0.5596,0.0037,0.3079,0.0015,0.6156,0.6095,,all_evals_results.csv
RASMD,stratified (own),small,random_swir_aug,robust_best,test,snua_go_medium,3,0.3733,0.0026,0.1843,0.0052,0.4925,0.4011,,all_evals_results.csv
RASMD,stratified (own),small,random_swir_aug,robust_best,test,aria_medium,3,0.7630,0.0027,0.4990,0.0018,0.8309,0.7225,,all_evals_results.csv
RASMD,stratified (own),small,random_swir_aug,robust_best,test,combined_medium,3,0.3659,0.0060,0.1791,0.0045,0.4812,0.3978,,all_evals_results.csv
RASMD,stratified (own),small,random_swir_aug,robust_best,test,snua_go_strong,3,0.1305,0.0047,0.0497,0.0011,0.3303,0.1662,,all_evals_results.csv
RASMD,stratified (own),small,random_swir_aug,robust_best,test,aria_strong,3,0.7514,0.0030,0.4873,0.0023,0.8198,0.7154,,all_evals_results.csv
RASMD,stratified (own),small,random_swir_aug,robust_best,test,combined_strong,3,0.1205,0.0032,0.0447,0.0009,0.3358,0.1558,,all_evals_results.csv
RASMD,stratified (own),small,random_swir_aug,robust_best,test,random_fpn_medium,3,0.7539,0.0042,0.4930,0.0011,0.8203,0.7209,,all_evals_results.csv
RASMD,stratified (own),small,random_swir_aug,robust_best,test,random_radiometric_medium,3,0.7676,0.0022,0.5033,0.0017,0.8342,0.7239,,all_evals_results.csv
RASMD,stratified (own),small,snua_at,robust_best,test,clean,1,0.7573,,0.5025,,0.8636,0.7123,,all_evals_results.csv
RASMD,stratified (own),small,snua_at,robust_best,test,pgd20,3,0.0000,0.0000,0.0000,0.0000,0.1111,0.0000,,all_evals_results.csv
RASMD,stratified (own),small,snua_at,robust_best,test,snua_go_weak,3,0.7412,0.0003,0.4769,0.0004,0.8480,0.7075,,all_evals_results.csv
RASMD,stratified (own),small,snua_at,robust_best,test,snua_go_medium,3,0.7262,0.0012,0.4525,0.0003,0.8329,0.6940,,all_evals_results.csv
RASMD,stratified (own),small,snua_at,robust_best,test,aria_medium,3,0.7528,0.0008,0.4973,0.0011,0.8518,0.7155,,all_evals_results.csv
RASMD,stratified (own),small,snua_at,robust_best,test,combined_medium,3,0.7224,0.0009,0.4491,0.0004,0.8294,0.6952,,all_evals_results.csv
RASMD,stratified (own),small,snua_at,robust_best,test,snua_go_strong,3,0.6886,0.0050,0.4089,0.0011,0.7779,0.6696,,all_evals_results.csv
RASMD,stratified (own),small,snua_at,robust_best,test,aria_strong,3,0.7438,0.0012,0.4853,0.0008,0.8393,0.7071,,all_evals_results.csv
RASMD,stratified (own),small,snua_at,robust_best,test,combined_strong,3,0.6661,0.0021,0.3912,0.0042,0.7471,0.6589,,all_evals_results.csv
RASMD,stratified (own),small,snua_at,robust_best,test,random_fpn_medium,3,0.7564,0.0005,0.5014,0.0015,0.8585,0.7154,,all_evals_results.csv
RASMD,stratified (own),small,snua_at,robust_best,test,random_radiometric_medium,3,0.7558,0.0009,0.5019,0.0005,0.8397,0.7265,,all_evals_results.csv
RASMD,stratified (own),small,mixed_swir_at,robust_best,test,clean,1,0.7624,,0.4881,,0.8094,0.7281,,all_evals_results.csv
RASMD,stratified (own),small,mixed_swir_at,robust_best,test,pgd20,3,0.0000,0.0000,0.0000,0.0000,0.0556,0.0000,,all_evals_results.csv
RASMD,stratified (own),small,mixed_swir_at,robust_best,test,snua_go_weak,3,0.7412,0.0004,0.4637,0.0004,0.8078,0.7063,,all_evals_results.csv
RASMD,stratified (own),small,mixed_swir_at,robust_best,test,snua_go_medium,3,0.7157,0.0012,0.4370,0.0005,0.7884,0.6982,,all_evals_results.csv
RASMD,stratified (own),small,mixed_swir_at,robust_best,test,aria_medium,3,0.7609,0.0007,0.4851,0.0006,0.8132,0.7238,,all_evals_results.csv
RASMD,stratified (own),small,mixed_swir_at,robust_best,test,combined_medium,3,0.7122,0.0009,0.4320,0.0009,0.7875,0.6967,,all_evals_results.csv
RASMD,stratified (own),small,mixed_swir_at,robust_best,test,snua_go_strong,3,0.6652,0.0016,0.3840,0.0005,0.7439,0.6621,,all_evals_results.csv
RASMD,stratified (own),small,mixed_swir_at,robust_best,test,aria_strong,3,0.7456,0.0037,0.4703,0.0010,0.8008,0.7169,,all_evals_results.csv
RASMD,stratified (own),small,mixed_swir_at,robust_best,test,combined_strong,3,0.6317,0.0105,0.3649,0.0030,0.7157,0.6307,,all_evals_results.csv
RASMD,stratified (own),small,mixed_swir_at,robust_best,test,random_fpn_medium,3,0.7637,0.0005,0.4889,0.0004,0.8161,0.7236,,all_evals_results.csv
RASMD,stratified (own),small,mixed_swir_at,robust_best,test,random_radiometric_medium,3,0.7629,0.0016,0.4877,0.0003,0.8139,0.7250,,all_evals_results.csv
